<image_list>

	<!-- mouse cursors -->
	<image file="/skins/default/gui/pointer_normal.png" resource="Standard Mouse Pointer">
		<alpha level="0" />
		<trans r="255" g="255" b="255" />
	</image>
	<!-- background images of simple windows -->
	<image file="/skins/default/backdrop/splash.png" resource="Splash Background" />
<!--	<image file="/skins/default/backdrop/credits_bg.png" resource="Credits Background">
		<texturerect x="0" y="128" width="1024" height="768" />
	</image> -->

<image file="/skins/default/mouse.png" resource="Skins Normal Mouse Pointer">
    <texturerect x="0" y="0" width="32" height="32" /> 
</image>



<!-- NO MORE USED

	<image file="/skins/default/backdrop/connect.png" resource="Login Background">
		<texturerect x="0" y="128" width="1024" height="768" />
	</image>
	<image file="/skins/default/backdrop/mainchar.png" resource="Charmain Background">
		<texturerect x="0" y="128" width="1024" height="768" />
	</image>
	<image file="/skins/default/backdrop/birth.png" resource="Charbirth Background">
		<texturerect x="0" y="0" width="1024" height="768" />
	</image>
	<image file="/skins/default/backdrop/charparents.png" resource="Charparents Background">
		<texturerect x="0" y="128" width="1024" height="768" />
	</image>
	<image file="/skins/default/backdrop/charbirth.png" resource="Childhood Background">
		<texturerect x="0" y="128" width="1024" height="768" />
	</image>
	<image file="/skins/default/backdrop/lifeevent.png" resource="Lifeevent Background">
		<texturerect x="0" y="128" width="1024" height="768" />
	</image>
	<image file="/skins/default/backdrop/summary.png" resource="Summary Background">
		<texturerect x="0" y="0" width="1024" height="768" />
	</image>
	<image file="/skins/default/backdrop/path.png" resource="Paths Background">
		<texturerect x="0" y="0" width="1024" height="768" />
	</image>
-->
 
	<!-- Path symbols -->


	<!-- scrollbar components -->
<!--	<image file="/skins/default/buttons/thumb.png" resource="ScrollBar Thumb">
		<alpha level="0" />
		<trans r="255" g="0" b="255" />
	</image>
	<image file="/skins/default/buttons/thumbmove.png" resource="ScrollBar Thumb Moving">
		<alpha level="0" />
		<trans r="255" g="0" b="255" />
	</image> -->
	<!-- Background for the pop up yes/no window -->
	<image file="/skins/default/backdrop/yesno.png" resource="YesNo">
	</image>
	<!-- Background for the pop ok window -->
	<image file="/skins/default/backdrop/popup17.png" resource="OkBackground">
	</image>
	
	<!-- Race Icons -->
	<!-- Character races -->
	
<!--	<image file="/skins/default/races/stonebf_icon.dds" resource="Female StoneBreaker Icon" />
	<image file="/skins/default/races/stonebm_icon.dds" resource="Male StoneBreaker Icon" /> -->
	
	<!-- NPC races -->
	<!--	IN GAME OBJECTS -->

	<!-- Coins/Money Icons -->

	<!-- Book/Scroll Icons -->

	<!-- Natural Resources Icons -->


	<!-- End of weapon icons -->

	<!-- Keys -->

	<!-- Jewelry -->

	<!-- Minigame tiles and pieces -->
<!--	<image file="/skins/default/gui/minigame/tile1.dds" resource="Minigame Tile Black" />
	<image file="/skins/default/gui/minigame/tile2.dds" resource="Minigame Tile White" />
	<image file="/skins/default/gui/minigame/white_adventurer.dds" resource="Minigame Piece White 1" />
	<image file="/skins/default/gui/minigame/black_adventurer.dds" resource="Minigame Piece Black 1" />
	<image file="/skins/default/gui/minigame/white_diplomat.dds" resource="Minigame Piece White 2" />
	<image file="/skins/default/gui/minigame/black_diplomat.dds" resource="Minigame Piece Black 2" />
	<image file="/skins/default/gui/minigame/white_fanatic.dds" resource="Minigame Piece White 3" />
	<image file="/skins/default/gui/minigame/black_fanatic.dds" resource="Minigame Piece Black 3" />
	<image file="/skins/default/gui/minigame/white_hero.dds" resource="Minigame Piece White 4" />
	<image file="/skins/default/gui/minigame/black_hero.dds" resource="Minigame Piece Black 4" />
	<image file="/skins/default/gui/minigame/white_octarch.dds" resource="Minigame Piece White 5" />
	<image file="/skins/default/gui/minigame/black_octarch.dds" resource="Minigame Piece Black 5" />
	<image file="/skins/default/gui/minigame/white_pterosaur.dds" resource="Minigame Piece White 6" />
	<image file="/skins/default/gui/minigame/black_pterosaur.dds" resource="Minigame Piece Black 6" />
	<image file="/skins/default/gui/minigame/white_vigesimi.dds" resource="Minigame Piece White 7" />
	<image file="/skins/default/gui/minigame/black_vigesimi.dds" resource="Minigame Piece Black 7" /> -->
	<!-- Loading Screens -->
	<image file="/skins/default/backgrounds/boceto.png" resource="Loading Background" />
<!--	<image file="/skins/default/loading/loading_arena.png" resource="Loading Arena Background" />
	<image file="/skins/default/loading/loading_deathrealm.png" resource="Loading Death Realm Background" />
	<image file="/skins/default/loading/loading_dungeon.png" resource="Loading Dungeon Background" />
	<image file="/skins/default/loading/loading_forest.png" resource="Loading Forest Background" />
	<image file="/skins/default/loading/loading_ojaveda.png" resource="Loading Ojaveda Background" />
	<image file="/skins/default/loading/loading_sewers.png" resource="Loading Sewers Background" />
	<image file="/skins/default/loading/loading_jayose.png" resource="Loading Jayose Background" />
	<image file="/skins/default/loading/loading_terrain.png" resource="Loading Terrain Background" />
	<image file="/skins/default/loading/loading_bronzedoors.png" resource="Loading BronzeDoors Background" />
	<image file="/skins/default/loading/loading_winch.png" resource="Loading Winch Background" />
	<image file="/skins/default/loading/loading_caves.png" resource="Loading Caves Background" />
	<image file="/skins/default/loading/loading_gugrontid.png" resource="Loading Gugrontid Background" />
	<image file="/skins/default/loading/loading_amdeneir.png" resource="Loading Amdeneir Background" /> -->
	<!-- Sketch Window images -->
<!--	<image file="/skins/default/maps/leather/fill_1.png" resource="MiddleAreaMap" tiled="true"/> -->
	<!-- Toolbar ones here -->
<!--	<image file="/skins/default/maps/elements/edit_off.png" resource="EditButtonOff"/>
	<image file="/skins/default/maps/elements/edit_on.png" resource="EditButtonOn"/>
	<image file="/skins/default/maps/elements/play.png" resource="PlayButton"/>
	<image file="/skins/default/maps/elements/stop.png" resource="StopButton"/>
	<image file="/skins/default/maps/elements/staff_double.png" resource="DoubleStaffButton"/>
	<image file="/skins/default/maps/elements/staff_single.png" resource="SingleStaffButton"/>
	<image file="/skins/default/maps/elements/tonality.png" resource="TonalityButton"/>
	<image file="/skins/default/maps/elements/meter.png" resource="MeterButton"/>
	<image file="/skins/default/maps/elements/bpm.png" resource="BPMButton"/>
	<image file="/skins/default/maps/elements/rest_off.png" resource="RestButtonOff"/>
	<image file="/skins/default/maps/elements/rest_on.png" resource="RestButtonOn"/>
	<image file="/skins/default/maps/elements/sixteenth_off.png" resource="SixteenthButtonOff"/>
	<image file="/skins/default/maps/elements/sixteenth_on.png" resource="SixteenthButtonOn"/>
	<image file="/skins/default/maps/elements/eighth_off.png" resource="EighthButtonOff"/>
	<image file="/skins/default/maps/elements/eighth_on.png" resource="EighthButtonOn"/>
	<image file="/skins/default/maps/elements/quarter_off.png" resource="QuarterButtonOff"/>
	<image file="/skins/default/maps/elements/quarter_on.png" resource="QuarterButtonOn"/>
	<image file="/skins/default/maps/elements/half_off.png" resource="HalfButtonOff"/>
	<image file="/skins/default/maps/elements/half_on.png" resource="HalfButtonOn"/>
	<image file="/skins/default/maps/elements/whole_off.png" resource="WholeButtonOff"/>
	<image file="/skins/default/maps/elements/whole_on.png" resource="WholeButtonOn"/>
	<image file="/skins/default/maps/elements/dot_off.png" resource="DotButtonOff"/>
	<image file="/skins/default/maps/elements/dot_on.png" resource="DotButtonOn"/>
	<image file="/skins/default/maps/elements/flat_off.png" resource="FlatButtonOff"/>
	<image file="/skins/default/maps/elements/flat_on.png" resource="FlatButtonOn"/>
	<image file="/skins/default/maps/elements/natural_off.png" resource="NaturalButtonOff"/>
	<image file="/skins/default/maps/elements/natural_on.png" resource="NaturalButtonOn"/>
	<image file="/skins/default/maps/elements/sharp_off.png" resource="SharpButtonOff"/>
	<image file="/skins/default/maps/elements/sharp_on.png" resource="SharpButtonOn"/>
	<image file="/skins/default/maps/elements/delete_chord.png" resource="DeleteChordButton"/>
	<image file="/skins/default/maps/elements/delete_measure.png" resource="DeleteMeasureButton"/>
	<image file="/skins/default/maps/elements/insert_note_off.png" resource="InsertNoteButtonOff"/>
	<image file="/skins/default/maps/elements/insert_note_on.png" resource="InsertNoteButtonOn"/>
	<image file="/skins/default/maps/elements/insert_measure.png" resource="InsertMeasureButton"/>
	<image file="/skins/default/maps/elements/start_repeat_off.png" resource="StartRepeatButtonOff"/>
	<image file="/skins/default/maps/elements/start_repeat_on.png" resource="StartRepeatButtonOn"/>
	<image file="/skins/default/maps/elements/end_repeat_off.png" resource="EndRepeatButtonOff"/>
	<image file="/skins/default/maps/elements/end_repeat_on.png" resource="EndRepeatButtonOn"/>
	<image file="/skins/default/maps/elements/ending_off.png" resource="EndingButtonOff"/>
	<image file="/skins/default/maps/elements/ending_on.png" resource="EndingButtonOn"/>
	<image file="/skins/default/maps/elements/lineou8.png" resource="LineTool"/>
	<image file="/skins/default/maps/elements/text.png" resource="TextTool"/>
	<image file="/skins/default/maps/elements/left-arrow.png" resource="LeftArrowTool"/>
	<image file="/skins/default/maps/elements/right-arrow.png" resource="RightArrowTool"/>
	<image file="/skins/default/maps/elements/down-arrow.png" resource="DownArrowTool"/>
	<image file="/skins/default/maps/elements/up-arrow.png" resource="UpArrowTool"/>
	<image file="/skins/default/maps/elements/minus.png" resource="MinusTool"/>
	<image file="/skins/default/maps/elements/plus.png" resource="PlusTool"/>
	<image file="/skins/default/maps/elements/feather.png" resource="FeatherTool"/>
	<image file="/skins/default/maps/elements/delete.png" resource="DeleteTool"/>
	<image file="/skins/default/maps/elements/bezier.png" resource="BezierTool"/>
	<image file="/skins/default/maps/elements/color.png" resource="ColorTool" />
	<image file="/skins/default/maps/elements/load.png" resource="LoadTool" />
	<image file="/skins/default/maps/elements/save.png" resource="SaveTool" />
	<image file="/skins/default/maps/elements/mapname.png" resource="NameTool" />
	<image file="/skins/default/maps/elements/blackbox.png" resource="blackbox"/>
	<image file="/skins/default/maps/elements/city_01.png" resource="city_01"/>
	<image file="/skins/default/maps/elements/city_02.png" resource="city_02"/>
	<image file="/skins/default/maps/elements/con_01.png" resource="con_01"/>
	<image file="/skins/default/maps/elements/con_02.png" resource="con_02"/>
	<image file="/skins/default/maps/elements/con_03.png" resource="con_03"/>
	<image file="/skins/default/maps/elements/con_04.png" resource="con_04"/>
	<image file="/skins/default/maps/elements/con_05.png" resource="con_05"/>
	<image file="/skins/default/maps/elements/con_06.png" resource="con_06"/>
	<image file="/skins/default/maps/elements/cultivated_01.png" resource="cultivated_01"/>
	<image file="/skins/default/maps/elements/danger_01.png" resource="danger_01"/>
	<image file="/skins/default/maps/elements/dec_01.png" resource="dec_01"/>
	<image file="/skins/default/maps/elements/dec_02.png" resource="dec_02"/>
	<image file="/skins/default/maps/elements/dec_03.png" resource="dec_03"/>
	<image file="/skins/default/maps/elements/dec_04.png" resource="dec_04"/>
	<image file="/skins/default/maps/elements/dec_05.png" resource="dec_05"/>
	<image file="/skins/default/maps/elements/dec_06.png" resource="dec_06"/>
	<image file="/skins/default/maps/elements/dec_07.png" resource="dec_07"/>
	<image file="/skins/default/maps/elements/grass_01.png" resource="grass_01"/>
	<image file="/skins/default/maps/elements/hills_01.png" resource="hills_01"/>
	<image file="/skins/default/maps/elements/house_01.png" resource="house_01"/>
	<image file="/skins/default/maps/elements/house_02.png" resource="house_02"/>
	<image file="/skins/default/maps/elements/lair_01.png" resource="lair_01"/>
	<image file="/skins/default/maps/elements/magic_01.png" resource="magic_01"/>
	<image file="/skins/default/maps/elements/magic_02.png" resource="magic_02"/>
	<image file="/skins/default/maps/elements/monster_01.png" resource="monster_01"/>
	<image file="/skins/default/maps/elements/monster_02.png" resource="monster_02"/>
	<image file="/skins/default/maps/elements/monster_03.png" resource="monster_03"/>
	<image file="/skins/default/maps/elements/mountains_01.png" resource="mountains_01"/>
	<image file="/skins/default/maps/elements/palm_01.png" resource="palm_01"/>
	<image file="/skins/default/maps/elements/palm_02.png" resource="palm_02"/>
	<image file="/skins/default/maps/elements/palm_03.png" resource="palm_03"/>
	<image file="/skins/default/maps/elements/palm_04.png" resource="palm_04"/>
	<image file="/skins/default/maps/elements/palm_05.png" resource="palm_05"/>
	<image file="/skins/default/maps/elements/rolling_01.png" resource="rolling_01"/>
	<image file="/skins/default/maps/elements/sand_01.png" resource="sand_01"/>
	<image file="/skins/default/maps/elements/swamp_01.png" resource="swamp_01"/>
	<image file="/skins/default/maps/elements/tower_01.png" resource="tower_01"/>
	<image file="/skins/default/maps/elements/treasure_01.png" resource="treasure_01"/>
	<image file="/skins/default/maps/elements/village_01.png" resource="village_01"/>
	<image file="/skins/default/maps/elements/village_02.png" resource="village_02"/>
	<image file="/skins/default/maps/elements/wetland_01.png" resource="wetland_01"/>
	<image file="/skins/default/maps/elements/x_01.png" resource="x_01"/>
	<image file="/skins/default/maps/elements/x_02.png" resource="x_02"/>
	<image file="/skins/default/maps/elements/x_03.png" resource="x_03"/>
	<image file="/skins/default/maps/elements/x_04.png" resource="x_04"/> -->

	<!-- Background images for maps -->
<!--	<image file="/skins/default/maps/hydlaa_map.png" resource="hydlaa_map"/>
	<image file="/skins/default/maps/hydlaa_east_map.png" resource="hydlaa_east_map"/>
	<image file="/skins/default/maps/thedome_map.jpg" resource="The Dome Map" />
	<image file="/skins/default/maps/map_dot.png" resource="MapDot" />
-->	
	<!-- Image for button used in TutorialNotify window -->
<!--	<image file="/skins/default/buttons/tutorial.png" resource="ButtonTutorial" />
-->
	<!-- Spells icons -->

	
  <!-- Pics to be used in game books  -->
<!--  <image file="/skins/default/book_pics/book_trepor.dds" resource="/skins/default/book_pics/book_trepor.dds" /> -->

	<!-- Log-in and character creation screens (Jade Theme by Ulf JAN2010) -->
	
	<!-- universal background used on all log-in and char creation screens -->
	<image file="/skins/default/backdrop/jade_theme.png" resource="login_background">
		<texturerect x="0" y="0" width="2400" height="1800" />
	</image>

	<!-- "glass bubble" overlayed on char display -->
	<image file="/skins/default/backdrop/jade_theme.png" resource="charborder">
		<texturerect x="2401" y="0" width="918" height="1272" /> 
	</image>
	<image file="/skins/default/backdrop/jade_theme.png" resource="charborder2">
		<texturerect x="2421" y="25" width="895" height="1235" /> 
	</image>

	<!-- Buttons -->
	<image file="/skins/default/backdrop/jade_theme.png" resource="buttonDefault">
		<texturerect x="22" y="1830" width="378" height="160" />
	</image>
	
	<image file="/skins/default/backdrop/jade_theme.png" resource="buttonDefaultLong">
		<texturerect x="429" y="1829" width="505" height="160" />
	</image>
	
	<image file="/skins/default/backdrop/jade_theme.png" resource="buttonDefaultLeft">
		<texturerect x="22" y="1830" width="90" height="160" />
	</image>
	
	<image file="/skins/default/backdrop/jade_theme.png" resource="buttonDefaultRight">
		<texturerect x="22" y="134" width="90" height="160" />
	</image>
	
	<image file="/skins/default/backdrop/jade_theme.png" resource="buttonDefaultMiddle">
		<texturerect x="106" y="1830" width="200" height="160" />
	</image>
	
	<image file="/skins/default/backdrop/jade_theme.png" resource="buttonStyle1LeftEnd">
		<texturerect x="22" y="1826" width="69" height="146" />
	</image>
	
	<image file="/skins/default/backdrop/jade_theme.png" resource="buttonStyle1Middle" tiled="true">
		<texturerect x="91" y="1826" width="53" height="346" />
	</image>
	
	<image file="/skins/default/backdrop/jade_theme.png" resource="buttonStyle1RightEnd">
		<texturerect x="144" y="1826" width="76" height="146" />
	</image>




	<image file="/skins/default/backdrop/jade_theme.png" resource="buttonBrown">
		<texturerect x="430" y="1825" width="500" height="150" />
	</image>

	<image file="/skins/default/backdrop/jade_theme.png" resource="buttonCircleSmall">
		<texturerect x="932" y="1835" width="160" height="150" />
	</image>
	
	<image file="/skins/default/backdrop/jade_theme.png" resource="buttonSmallLong">
		<texturerect x="22" y="2009" width="402" height="111" />
	</image>

	<!-- Border, separator -->
	<image file="/skins/default/backdrop/jade_theme.png" resource="tileBorder" tiled="true">
		<texturerect x="1511" y="303" width="99" height="18" />
	</image>

	<!-- character points box-->
	<image file="/skins/default/backdrop/jade_theme.png" resource="cpBox">
		<texturerect x="452" y="2002" width="329" height="141" />
	</image>
	
	<!-- black fill, for transparent overlays -->
	<image file="/skins/default/backdrop/black.png" resource="darkHilite">
		<texturerect x="0" y="0" width="8" height="8" />
	</image>

	<!-- gender icons -->
	<image file="/skins/default/backdrop/jade_theme.png" resource="femaleOn">
		<texturerect x="1111" y="1827" width="118" height="170" />
	</image>
	
	<image file="/skins/default/backdrop/jade_theme.png" resource="femaleOff">
		<texturerect x="1273" y="1827" width="118" height="170" />
	</image>
	
	<image file="/skins/default/backdrop/jade_theme.png" resource="maleOn">
		<texturerect x="1111" y="2019" width="138" height="144" />
	</image>
	
	<image file="/skins/default/backdrop/jade_theme.png" resource="maleOff">
		<texturerect x="1273" y="2019" width="138" height="144" />
	</image>
	
	<!-- radio buttons -->
	<!--
	<image file="/skins/default/buttons/radio.png" resource="radiooff">
		<alpha level="0" />
		<trans r="255" g="0" b="255" />    
	</image>
	
	<image file="/skins/default/buttons/radioon.png" resource="radioon">
		<alpha level="0" />
		<trans r="255" g="0" b="255" />    
	</image>
	-->
	
	<image file="/skins/default/backdrop/jade_theme.png" resource="radioOff">
		<texturerect x="791" y="2005" width="81" height="79" />
	</image>
	
	<image file="/skins/default/backdrop/jade_theme.png" resource="radioOn">
		<texturerect x="791" y="2084" width="81" height="79" />
	</image>
	
	<!-- resource name is hardcoded in charpick -->
	<image file="/skins/default/backdrop/jade_theme.png" resource="radiooff2">
		<texturerect x="791" y="2005" width="81" height="79" />
	</image>
	
	<image file="/skins/default/backdrop/jade_theme.png" resource="radioon2">
		<texturerect x="791" y="2084" width="81" height="79" />
	</image>
<!-- ###############################################################-->

	
	<!-- checkbox -->
	<image file="/skins/default/backdrop/jade_theme.png" resource="checkoff">
		<texturerect x="885" y="1997" width="88" height="86" />
	</image>
	
	<image file="/skins/default/backdrop/jade_theme.png" resource="checkon">
		<texturerect x="885" y="2083" width="88" height="86" />
	</image>
	
	
	<!-- arrows -->
	
	<image file="/skins/default/backdrop/jade_theme.png" resource="arrowDown">
		<texturerect x="1434" y="2017" width="53" height="53" />
		<alpha level="0" />
	</image>
	
	<image file="/skins/default/backdrop/jade_theme.png" resource="arrowUp">
		<texturerect x="1434" y="1947" width="53" height="53" />
		<alpha level="0" />
	</image>
	
	<image file="/skins/default/backdrop/jade_theme.png" resource="arrowLeft">
		<texturerect x="1434" y="1882" width="53" height="53" />
		<alpha level="0" />
	</image>
	
	<image file="/skins/default/backdrop/jade_theme.png" resource="arrowRight">
		<texturerect x="1434" y="1827" width="53" height="53" />
		<alpha level="0" />
	</image>
	
	<image file="/skins/default/backdrop/jade_theme.png" resource="arrowDownDown">
		<texturerect x="1507" y="2017" width="53" height="53" />
		<alpha level="0" />
	</image>
	
	<image file="/skins/default/backdrop/jade_theme.png" resource="arrowUpDown">
		<texturerect x="1507" y="1947" width="53" height="53" />
		<alpha level="0" />
	</image>
	
	<image file="/skins/default/backdrop/jade_theme.png" resource="arrowLeftDown">
		<texturerect x="1507" y="1882" width="53" height="53" />
		<alpha level="0" />
	</image>
	
	<image file="/skins/default/backdrop/jade_theme.png" resource="arrowRightDown">
		<texturerect x="1507" y="1827" width="53" height="53" />
		<alpha level="0" />
	</image>

  <!-- Lock / Unlock button -->
	<image file="/skins/default/gui/lock2.png" resource="lockicon">
		<texturerect x="0" y="0" width="32" height="32" />
	</image>
	<image file="/skins/default/gui/lock2.png" resource="unlockicon">
		<texturerect x="32" y="0" width="32" height="32" />
	</image>
<!--#########################################################-->
<!-- Inventory Window character slot icons -->

<image file="/skins/default/icons.png" resource="InventoryLegs">
    <texturerect x="0" y="512" width="64" height="64" />
</image>
<image file="/skins/default/icons.png" resource="InventoryBelt">
    <texturerect x="64" y="512" width="64" height="64" />
</image>
<image file="/skins/default/icons.png" resource="InventoryBoots">
    <texturerect x="128" y="512" width="64" height="64" />
</image>
<image file="/skins/default/icons.png" resource="InventoryGloves">
    <texturerect x="192" y="512" width="64" height="64" />
</image>
<image file="/skins/default/icons.png" resource="InventoryArms">
    <texturerect x="256" y="512" width="64" height="64" />
</image>
<image file="/skins/default/icons.png" resource="InventoryNeck">
    <texturerect x="320" y="512" width="64" height="64" />
</image>
<image file="/skins/default/icons.png" resource="InventoryHead">
    <texturerect x="384" y="512" width="64" height="64" />
</image>
<image file="/skins/default/icons.png" resource="InventoryTorso">
    <texturerect x="448" y="512" width="64" height="64" />
</image>
<image file="/skins/default/icons.png" resource="InventoryBack">
    <texturerect x="512" y="512" width="64" height="64" />
</image>
<image file="/skins/default/icons.png" resource="InventoryBracers">
    <texturerect x="576" y="512" width="64" height="64" />
</image>
<image file="/skins/default/icons.png" resource="InventoryRight">
    <texturerect x="640" y="512" width="64" height="64" />
</image>
<image file="/skins/default/icons.png" resource="InventoryLeft">
    <texturerect x="704" y="512" width="64" height="64" />
</image>
<image file="/skins/default/icons.png" resource="InventoryRightFinger">
    <texturerect x="768" y="512" width="64" height="64" />
</image>
<image file="/skins/default/icons.png" resource="InventoryLeftFinger">
    <texturerect x="832" y="512" width="64" height="64" />
</image>
<image file="/skins/default/icons.png" resource="InventoryMind">
    <texturerect x="896" y="512" width="64" height="64" />
</image>


<!-- Interact Window Buttons -->
<image file="/skins/default/icons.png" resource="ButtonLook">
    <texturerect x="64" y="64" width="64" height="64" /> 
</image>
<image file="/skins/default/icons.png" resource="ButtonOpen">
    <texturerect x="320" y="64" width="64" height="64" /> 
</image>
<image file="/skins/default/icons.png" resource="ButtonPush">
    <texturerect x="320" y="128" width="64" height="64" /> 
</image>
<image file="/skins/default/icons.png" resource="ButtonCombine">
    <texturerect x="448" y="64" width="64" height="64" /> 
</image>
<image file="/skins/default/icons.png" resource="ButtonConstruct">
    <texturerect x="448" y="64" width="64" height="64" /> 
</image>
<image file="/skins/default/icons.png" resource="ButtonPickup">
    <texturerect x="0" y="128" width="64" height="64" /> 
</image>
<image file="/skins/default/icons.png" resource="ButtonDrop">
    <texturerect x="384" y="128" width="64" height="64" /> 
</image>
<image file="/skins/default/icons.png" resource="ButtonClose">
    <texturerect x="64" y="0" width="64" height="64" /> 
</image>
<image file="/skins/default/icons.png" resource="ButtonLoot">
    <texturerect x="64" y="128" width="64" height="64" /> 
</image>
<image file="/skins/default/icons.png" resource="ButtonBuy">
    <texturerect x="448" y="128" width="64" height="64" /> 
</image>
<image file="/skins/default/icons.png" resource="ButtonSell">
    <texturerect x="192" y="64" width="64" height="64" /> 
</image>
<image file="/skins/default/icons.png" resource="ButtonAttack">
    <texturerect x="320" y="0" width="64" height="64" /> 
</image>
<image file="/skins/default/icons.png" resource="ButtonGive">
    <texturerect x="192" y="128" width="64" height="64" /> 
</image>
<image file="/skins/default/icons.png" resource="ButtonTrain">
    <texturerect x="384" y="0" width="64" height="64" /> 
</image>
<image file="/skins/default/icons.png" resource="ButtonSpeak">
    <texturerect x="0" y="64" width="64" height="64" /> 
</image>
<image file="/skins/default/icons.png" resource="ButtonPetDismiss">
    <texturerect x="640" y="64" width="64" height="64" /> 
</image>
<image file="/skins/default/icons.png" resource="ButtonMarriage">
    <texturerect x="512" y="64" width="64" height="64" /> 
</image>
<image file="/skins/default/icons.png" resource="ButtonDivorce">
    <texturerect x="576" y="64" width="64" height="64" /> 
</image>
<image file="/skins/default/icons.png" resource="ButtonIntroduce">
    <texturerect x="256" y="128" width="64" height="64" /> 
</image>
<image file="/skins/default/icons.png" resource="ButtonBanking">
    <texturerect x="128" y="64" width="64" height="64" /> 
</image>
<image file="/skins/default/icons.png" resource="ButtonMount">
    <texturerect x="704" y="64" width="64" height="64" /> 
</image>
<image file="/skins/default/icons.png" resource="ButtonUnmount">
    <texturerect x="704" y="64" width="64" height="64" /> 
</image>


<!-- standard buttons and backgrounds -->

<image file="/skins/default/components01.png" resource="Standard Background" tiled="true">
  <texturerect x="304" y="48" width="128" height="128" />
  <alpha level="0" />
</image>

<image file="/skins/default/components01.png" resource="Blue Background" tiled="true" >
  <texturerect x="240" y="180" width="64" height="64" />
  <alpha level="0" />
</image>

<image file="/skins/default/components01.png" resource="Grey Background" tiled="true">
  <texturerect x="240" y="180" width="64" height="64" />
  <alpha level="0" />
  </image>

<image file="/skins/default/icons.png" resource="view">
    <texturerect x="128" y="0" width="64" height="64" /> 
</image>
<image file="/skins/default/icons.png" resource="InventoryBulk">
    <texturerect x="192" y="0" width="64" height="64" /> 
</image>

<!-- Money Icons -->
<image file="/skins/default/icons.png" resource="MoneyTrias">
    <texturerect x="704" y="0" width="64" height="64" /> 
</image>
<image file="/skins/default/icons.png" resource="MoneyHexas">
    <texturerect x="768" y="0" width="64" height="64" /> 

</image>
<image file="/skins/default/icons.png" resource="MoneyOctas">
    <texturerect x="832" y="0" width="64" height="64" /> 
</image>
<image file="/skins/default/icons.png" resource="MoneyCircles">
    <texturerect x="896" y="0" width="64" height="64" /> 
</image>


<!-- Magic Icons -->
<image file="/skins/default/icons.png" resource="PurifyGlyphButton">
    <texturerect x="64" y="192" width="64" height="64" /> 
</image>
<image file="/skins/default/icons.png" resource="SaveSpellButton">
    <texturerect x="448" y="0" width="64" height="64" /> 
</image>
<image file="/skins/default/icons.png" resource="CastSpellButton">
    <texturerect x="512" y="128" width="64" height="64" /> 
</image>
<image file="/skins/default/icons.png" resource="ResearchSpellButton">
    <texturerect x="0" y="192" width="64" height="64" /> 
</image>
<image file="/skins/default/icons.png" resource="ActiveMagicButton">
    <texturerect x="128" y="192" width="64" height="64" /> 
</image>
<image file="/skins/default/icons.png" resource="Offensive Magic">
    <texturerect x="192" y="192" width="64" height="64" /> 
</image>
<image file="/skins/default/icons.png" resource="Defensive Magic">
    <texturerect x="256" y="192" width="64" height="64" /> 
</image>
<image file="/skins/default/icons.png" resource="Cast Magic">
    <texturerect x="320" y="192" width="64" height="64" /> 
</image>
<image file="/skins/default/icons.png" resource="Glyph Magic">
    <texturerect x="384" y="192" width="64" height="64" /> 
</image>

<!-- Magic School Icons -->

<image file="/skins/default/icons.png" resource="Crystal Magic School">
    <texturerect x="960" y="192" width="64" height="64" /> 
</image>
<image file="/skins/default/icons.png" resource="Azure Magic School">
    <texturerect x="896" y="192" width="64" height="64" /> 
</image>
<image file="/skins/default/icons.png" resource="Red Magic School">
    <texturerect x="832" y="192" width="64" height="64" /> 
</image>
<image file="/skins/default/icons.png" resource="Dark Magic School">
    <texturerect x="768" y="192" width="64" height="64" /> 
</image>
<image file="/skins/default/icons.png" resource="Brown Magic School">
    <texturerect x="704" y="192" width="64" height="64" /> 
</image>
<image file="/skins/default/icons.png" resource="Blue Magic School">
    <texturerect x="640" y="192" width="64" height="64" /> 
</image>






<!-- Glyph Slot Icons -->
<image file="/skins/default/icons.png" resource="GlyphSlotPurified">
    <texturerect x="576" y="192" width="64" height="64" />
</image>
<image file="/skins/default/icons.png" resource="GlyphSlotPurifying">
    <texturerect x="512" y="192" width="64" height="64" />
</image>
<image file="/skins/default/icons.png" resource="GlyphSlotToBePurified">
    <texturerect x="448" y="192" width="64" height="64" />
</image>





<!-- Images for the info/status window -->
<image file="/skins/default/icons.png"	resource="ButtonAttackBloodyActive" >
    <texturerect x="704" y="448" width="64" height="64" /> 
</image>
<image file="/skins/default/icons.png"	resource="ButtonAttackAggressiveActive" >
    <texturerect x="640" y="448" width="64" height="64" /> 
</image>
<image file="/skins/default/icons.png"	resource="ButtonAttackNormalActive" >
    <texturerect x="576" y="448" width="64" height="64" /> 
</image>
<image file="/skins/default/icons.png"	resource="ButtonAttackDefensiveActive" >
    <texturerect x="512" y="448" width="64" height="64" /> 
</image>
<image file="/skins/default/icons.png"	resource="ButtonAttackFullDefActive" >
    <texturerect x="448" y="448" width="64" height="64" /> 
</image>
<image file="/skins/default/icons.png"	resource="ButtonStopAttackActive" >
    <texturerect x="384" y="448" width="64" height="64" /> 
</image>


<image file="/skins/default/icons.png"	resource="ButtonAttackBloody">
    <texturerect x="320" y="448" width="64" height="64" /> 
</image>
<image file="/skins/default/icons.png"	resource="ButtonAttackAggressive">
    <texturerect x="256" y="448" width="64" height="64" /> 
</image>
<image file="/skins/default/icons.png"	resource="ButtonAttackNormal" >
    <texturerect x="192" y="448" width="64" height="64" /> 
</image>
<image file="/skins/default/icons.png"	resource="ButtonAttackDefensive" >
    <texturerect x="128" y="448" width="64" height="64" /> 

</image>
<image file="/skins/default/icons.png"	resource="ButtonAttackFullDef" >
    <texturerect x="64" y="448" width="64" height="64" /> 
</image>
<image file="/skins/default/icons.png" resource="ButtonStopAttack" >
    <texturerect x="0" y="448" width="64" height="64" /> 
</image>






<!-- New GUI system (tiling borders) -->

<!-- Mouse pointers -->
<image file="/skins/default/components01.png" resource="Mouse Pointer">
    <texturerect x="0" y="0" width="32" height="32" /> 
</image>
<image file="/skins/default/components01.png" resource="Mouse Pointer Highlight">
    <texturerect x="0" y="32" width="32" height="32" /> 
</image>


<!-- Scrollbar -->
<image file="/skins/default/components01.png" resource="Up Arrow">
    <texturerect x="32" y="0" width="32" height="32" /> 
</image>
<image file="/skins/default/components01.png" resource="Up Arrow Highlight">
    <texturerect x="64" y="0" width="32" height="32" /> 
</image>
<image file="/skins/default/components01.png" resource="Up Arrow Disabled">
    <texturerect x="96" y="0" width="32" height="32" /> 
</image>

<image file="/skins/default/components01.png" resource="Down Arrow">
    <texturerect x="32" y="32" width="32" height="32" /> 
</image>
<image file="/skins/default/components01.png" resource="Down Arrow Highlight">

    <texturerect x="64" y="32" width="32" height="32" /> 
</image>
<image file="/skins/default/components01.png" resource="Down Arrow Disabled">
    <texturerect x="96" y="32" width="32" height="32" /> 
</image>


<image file="/skins/default/components01.png" resource="Right Arrow">
    <texturerect x="160" y="0" width="32" height="32" /> 
</image>
<image file="/skins/default/components01.png" resource="Right Arrow Highlight">
    <texturerect x="192" y="0" width="32" height="32" /> 
</image>
<image file="/skins/default/components01.png" resource="Right Arrow Disabled">
    <texturerect x="224" y="0" width="32" height="32" /> 
</image>

<image file="/skins/default/components01.png" resource="Left Arrow">
    <texturerect x="160" y="32" width="32" height="32" /> 
</image>
<image file="/skins/default/components01.png" resource="Left Arrow Highlight">
    <texturerect x="192" y="32" width="32" height="32" /> 
</image>
<image file="/skins/default/components01.png" resource="Left Arrow Disabled">
    <texturerect x="224" y="32" width="32" height="32" /> 
</image>


<image file="/skins/default/components01.png" resource="Scrollbar Background Vertical">
    <texturerect x="128" y="0" width="32" height="160" /> 
</image>
<image file="/skins/default/components01.png" resource="Scrollbar Background Horizontal">
    <texturerect x="192" y="224" width="160" height="32" /> 
</image>

<image file="/skins/default/components01.png" resource="ScrollBar Thumb">
    <texturerect x="256" y="32" width="32" height="32" /> 
</image>
<image file="/skins/default/components01.png" resource="ScrollBar Thumb Moving">
    <texturerect x="256" y="0" width="32" height="32" /> 
</image>



<!-- Checkbox -->
<image file="/skins/default/components01.png" resource="Checkbox Off">
    <texturerect x="64" y="240" width="16" height="16" /> 
</image>
<image file="/skins/default/components01.png" resource="Checkbox On">
    <texturerect x="80" y="240" width="16" height="16" /> 
</image>
<image file="/skins/default/components01.png" resource="Checkbox Off Locked">
    <texturerect x="96" y="240" width="16" height="16" /> 
</image>
<image file="/skins/default/components01.png" resource="Checkbox On Locked">
    <texturerect x="112" y="240" width="16" height="16" /> 
</image>


<!-- Radio Button -->
<image file="/skins/default/components01.png" resource="radiooff">
    <texturerect x="0" y="240" width="16" height="16" /> 
</image>
<image file="/skins/default/components01.png" resource="radioon">
    <texturerect x="16" y="240" width="16" height="16" /> 
</image>
<image file="/skins/default/components01.png" resource="Radio Off Locked">
    <texturerect x="32" y="240" width="16" height="16" /> 
</image>
<image file="/skins/default/components01.png" resource="Radio On Locked">
    <texturerect x="48" y="240" width="16" height="16" /> 
</image>


<!-- Progressbar -->
<image file="/skins/default/components01.png" resource="Progressbar Background">
    <texturerect x="160" y="64" width="128" height="16" /> 
</image>
<image file="/skins/default/components01.png" resource="Progressbar Mask">
    <texturerect x="160" y="80" width="128" height="16" /> 
</image>
<frame resource="Scaling Progressbar Background" file="/skins/default/components01.png" type="horizontal">
	<left   tx="160"  ty="64" tw="3" th="16"/>
	<middle tx="163"  ty="64" tw="122" th="16" />
	<right  tx="285" ty="64" tw="3" th="16"/>
</frame>
<frame resource="Scaling Progressbar Mask" file="/skins/default/components01.png" type="horizontal">
	<left   tx="160"  ty="80" tw="3" th="16"/>
	<middle tx="163"  ty="80" tw="122" th="16" />
	<right  tx="285" ty="80" tw="3" th="16"/>
</frame>




<!-- Tree Controls -->
<image file="/skins/default/components01.png" resource="treeexpand">
    <texturerect x="144" y="160" width="8" height="8" /> 
</image>
<image file="/skins/default/components01.png" resource="treecollapse">
    <texturerect x="152" y="160" width="8" height="8" /> 
</image>



<!-- Generic Slot -->
<image file="/skins/default/components01.png" resource="Standard Slot">
    <texturerect x="0" y="160" width="48" height="48" /> 
</image>
<image file="/skins/default/components01.png" resource="Standard Slot Highlight">
    <texturerect x="48" y="160" width="48" height="48" /> 
</image>
<image file="/skins/default/components01.png" resource="Standard Slot Disabled">
    <texturerect x="96" y="160" width="48" height="48" /> 
</image>
<frame resource="Scaling Slot" file="/skins/default/components01.png">
    <top_left     tx="0" ty="160"  tw="6" th="6"/>
    <top          tx="6" ty="160"  tw="36" th="6" tile="true" />
    <top_right    tx="42" ty="160"  tw="6" th="6"/>
    <left         tx="0" ty="166" tw="6" th="36" tile="true" />
    <middle       tx="6" ty="166" tw="36" th="36" tile="true" />
    <right        tx="42" ty="166" tw="6" th="36" tile="true" />
    <bottom_left  tx="0" ty="202" tw="6" th="6"/>
    <bottom       tx="6" ty="202" tw="36" th="6" tile="true" />
    <bottom_right tx="42" ty="202" tw="6" th="6"/>
</frame>
<frame resource="Scaling Slot Highlight" file="/skins/default/components01.png">
    <top_left     tx="48" ty="160"  tw="6" th="6"/>
    <top          tx="54" ty="160"  tw="36" th="6" tile="true" />
    <top_right    tx="90" ty="160"  tw="6" th="6"/>
    <left         tx="48" ty="166" tw="6" th="36" tile="true" />
    <middle       tx="54" ty="166" tw="36" th="36" tile="true" />
    <right        tx="90" ty="166" tw="6" th="36" tile="true" />
    <bottom_left  tx="48" ty="202" tw="6" th="6"/>
    <bottom       tx="54" ty="202" tw="36" th="6" tile="true" />
    <bottom_right tx="90" ty="202" tw="6" th="6"/>
</frame>
<frame resource="Scaling Slot Disabled" file="/skins/default/components01.png">
    <top_left     tx="96" ty="160"  tw="6" th="6"/>
    <top          tx="102" ty="160"  tw="36" th="6" tile="true" />
    <top_right    tx="138" ty="160"  tw="6" th="6"/>
    <left         tx="96" ty="166" tw="6" th="36" tile="true" />
    <middle       tx="102" ty="166" tw="36" th="36" tile="true" />
    <right        tx="138" ty="166" tw="6" th="36" tile="true" />
    <bottom_left  tx="96" ty="202" tw="6" th="6"/>
    <bottom       tx="102" ty="202" tw="36" th="6" tile="true" />
    <bottom_right tx="138" ty="202" tw="6" th="6"/>
</frame>


<!-- Generic Button -->

<image file="/skins/default/components01.png" resource="Standard Button">
    <texturerect x="0" y="64" width="128" height="32" /> 
</image>
<image file="/skins/default/components01.png" resource="Standard Button Down">
    <texturerect x="0" y="96" width="128" height="32" /> 
</image>
<image file="/skins/default/components01.png" resource="Standard Button Disabled">
    <texturerect x="0" y="128" width="128" height="32" /> 
</image>

<frame resource="Scaling Button" file="/skins/default/components01.png">
    <top_left     tx="0" ty="64"  tw="5" th="5"/>
    <top          tx="5" ty="64"  tw="118" th="5" tile="true" />
    <top_right    tx="123" ty="64"  tw="5" th="5"/>
    <left         tx="0" ty="69" tw="5" th="22" tile="true" />
    <middle       tx="5" ty="69" tw="118" th="22" tile="true" />
    <right        tx="123" ty="69" tw="5" th="22" tile="true" />
    <bottom_left  tx="0" ty="91" tw="5" th="5"/>
    <bottom       tx="5" ty="91" tw="118" th="5" tile="true" />
    <bottom_right tx="123" ty="91" tw="5" th="5"/>
</frame>

<frame resource="Scaling Button Down" file="/skins/default/components01.png">
    <top_left     tx="0" ty="96"  tw="5" th="5"/>
    <top          tx="5" ty="96"  tw="118" th="5" tile="true" />
    <top_right    tx="123" ty="96"  tw="5" th="5"/>
    <left         tx="0" ty="101" tw="5" th="22" tile="true" />
    <middle       tx="5" ty="101" tw="118" th="22" tile="true" />
    <right        tx="123" ty="101" tw="5" th="22" tile="true" />
    <bottom_left  tx="0" ty="123" tw="5" th="5"/>
    <bottom       tx="5" ty="123" tw="118" th="5" tile="true" />
    <bottom_right tx="123" ty="123" tw="5" th="5"/>
</frame>

<frame resource="Scaling Button Disabled" file="/skins/default/components01.png">
    <top_left     tx="0" ty="128"  tw="5" th="5"/>
    <top          tx="5" ty="128"  tw="118" th="5" tile="true" />
    <top_right    tx="123" ty="128"  tw="5" th="5"/>
    <left         tx="0" ty="133" tw="5" th="22" tile="true" />
    <middle       tx="5" ty="133" tw="118" th="22" tile="true" />
    <right        tx="123" ty="133" tw="5" th="22" tile="true" />
    <bottom_left  tx="0" ty="155" tw="5" th="5"/>
    <bottom       tx="5" ty="155" tw="118" th="5" tile="true" />
    <bottom_right tx="123" ty="155" tw="5" th="5"/>
</frame>


<!-- Text Area -->
<frame resource="Scaling Field Background" file="/skins/default/components01.png">
    <top_left     tx="169"  ty="105"  tw="1" th="1"/>
    <top          tx="170"  ty="105"  tw="108" th="1" tile="true" />
    <top_right    tx="278" ty="105"  tw="1" th="1"/>
    <left         tx="169"  ty="106"  tw="1" th="76" tile="true" />
    <middle       tx="170"  ty="106" tw="108" th="76" tile="true" />
    <right        tx="278" ty="106"  tw="1" th="76" tile="true" />
    <bottom_left  tx="169"  ty="182"  tw="1" th="1"/>
    <bottom       tx="170"  ty="182"  tw="108" th="1" tile="true" />
    <bottom_right tx="278" ty="182"  tw="1" th="1"/>
</frame>
<!--
<frame resource="Highlight" file="/skins/default/components01.png">
    <top_left     tx="160"  ty="192"  tw="9" th="5"/>
    <top          tx="169"  ty="192"  tw="110" th="5" tile="true" />
    <top_right    tx="279" ty="192"  tw="9" th="5"/>
    <left         tx="160"  ty="197"  tw="9" th="6" tile="true" />
    <middle       tx="169"  ty="197" tw="110" th="6" tile="true" />
    <right        tx="279" ty="197"  tw="9" th="6" tile="true" />
    <bottom_left  tx="160"  ty="203"  tw="9" th="5"/>
    <bottom       tx="169"  ty="203"  tw="110" th="5" tile="true" />
    <bottom_right tx="279" ty="203"  tw="9" th="5"/>
</frame>
-->
<image file="/skins/default/components01.png" resource="Highlight">
    <texturerect x="160" y="192" width="128" height="16" /> 
</image>

<frame resource="Scaling Widget Background" file="/skins/default/components01.png">
    <top_left     tx="160"  ty="96"  tw="10" th="10"/>
    <top          tx="170"  ty="96"  tw="108" th="10" tile="true" />
    <top_right    tx="278" ty="96"  tw="10" th="10"/>
    <left         tx="160"  ty="106"  tw="10" th="76" tile="true" />
    <middle       tx="170"  ty="106" tw="108" th="76" tile="true" />
    <right        tx="278" ty="106"  tw="10" th="76" tile="true" />
    <bottom_left  tx="160"  ty="182"  tw="10" th="10"/>
    <bottom       tx="170"  ty="182"  tw="108" th="10" tile="true" />
    <bottom_right tx="278" ty="182"  tw="10" th="10"/>
</frame>



<!-- Tabs -->
<image file="/skins/default/components01.png" resource="Standard Tab">
    <texturerect x="0" y="208" width="64" height="32" />
</image>
<image file="/skins/default/components01.png" resource="Standard Tab Highlight">
    <texturerect x="64" y="208" width="64" height="32" />
</image>
<image file="/skins/default/components01.png" resource="Standard Tab Disabled">
    <texturerect x="128" y="208" width="64" height="32" />
</image>
<frame resource="Scaling Tab" file="/skins/default/components01.png">
    <top_left     tx="0"  ty="208"  tw="8" th="8"/>
    <top          tx="8"  ty="208"  tw="48" th="8" tile="true" />
    <top_right    tx="56" ty="208"  tw="8" th="8"/>
    <left         tx="0"  ty="216"  tw="8" th="16" tile="true" />
    <middle       tx="8"  ty="216" tw="48" th="16" tile="true" />
    <right        tx="56" ty="216"  tw="8" th="16" tile="true" />
    <bottom_left  tx="0"  ty="232"  tw="8" th="8"/>
    <bottom       tx="8"  ty="232"  tw="48" th="8" tile="true" />
    <bottom_right tx="56" ty="232"  tw="8" th="8"/>
</frame>
<frame resource="Scaling Tab Highlight" file="/skins/default/components01.png">
    <top_left     tx="64"  ty="208"  tw="8" th="8"/>
    <top          tx="72"  ty="208"  tw="48" th="8" tile="true" />
    <top_right    tx="120" ty="208"  tw="8" th="8"/>
    <left         tx="64"  ty="216"  tw="8" th="16" tile="true" />
    <middle       tx="72"  ty="216" tw="48" th="16" tile="true" />
    <right        tx="120" ty="216"  tw="8" th="16" tile="true" />
    <bottom_left  tx="64"  ty="232"  tw="8" th="8"/>
    <bottom       tx="72"  ty="232"  tw="48" th="8" tile="true" />
    <bottom_right tx="120" ty="232"  tw="8" th="8"/>
</frame>
<frame resource="Scaling Tab Disabled" file="/skins/default/components01.png">
    <top_left     tx="128"  ty="208"  tw="8" th="8"/>
    <top          tx="136"  ty="208"  tw="48" th="8" tile="true" />
    <top_right    tx="184" ty="208"  tw="8" th="8"/>
    <left         tx="128"  ty="216"  tw="8" th="16" tile="true" />
    <middle       tx="136"  ty="216" tw="48" th="16" tile="true" />
    <right        tx="184" ty="216"  tw="8" th="16" tile="true" />
    <bottom_left  tx="128"  ty="232"  tw="8" th="8"/>
    <bottom       tx="136"  ty="232"  tw="48" th="8" tile="true" />
    <bottom_right tx="184" ty="232"  tw="8" th="8"/>
</frame>



<!-- Window -->
<frame resource="Scaling Title Bar" file="/skins/default/components01.png">
    <top_left     tx="288"  ty="0"  tw="16" th="11"/>
    <top          tx="304"  ty="0"  tw="128" th="11" tile="true" />
    <top_right    tx="432" ty="0"  tw="16" th="11"/>
    <left         tx="288"  ty="11" tw="16"  th="10" tile="true" />
    <middle       tx="304"  ty="11" tw="128" th="10" tile="true" />
    <right        tx="432" ty="11"  tw="16" th="10" tile="true" />
    <bottom_left  tx="288"  ty="21"  tw="16" th="11"/>
    <bottom       tx="304"  ty="21"  tw="128" th="11" tile="true" />
    <bottom_right tx="432" ty="21"  tw="16" th="11"/>
</frame>
<frame resource="Scaling Window Background" file="/skins/default/components01.png">
    <top_left     tx="288"  ty="32"  tw="16" th="16"/>
    <top          tx="304"  ty="32"  tw="128" th="16" tile="true" />
    <top_right    tx="432" ty="32"  tw="16" th="16"/>
    <left         tx="288"  ty="48" tw="16"  th="128" tile="true" />
    <middle       tx="304"  ty="48" tw="128" th="128" tile="true" />
    <right        tx="432" ty="48"  tw="16" th="128" tile="true" />
    <bottom_left  tx="288"  ty="176"  tw="16" th="16"/>
    <bottom       tx="304"  ty="176"  tw="128" th="16" tile="true" />
    <bottom_right tx="432" ty="176"  tw="16" th="16"/>
</frame>
<image file="/skins/default/components01.png" resource="ResizeBox">
    <texturerect x="144" y="168" width="8" height="8" />
</image>
<image file="/skins/default/components01.png" resource="quit">
    <texturerect x="144" y="176" width="16" height="16" />
</image>


<!-- Toolbar -->
<image file="/skins/default/components01.png" resource="MiniDown">
    <texturerect x="288" y="192" width="32" height="32" /> 
</image>
<image file="/skins/default/components01.png" resource="MiniUp">
    <texturerect x="320" y="192" width="32" height="32" /> 
</image>


<image file="/skins/default/icons.png" resource="QuitButton">
    <texturerect x="0" y="320" width="64" height="64" /> 
</image>
<image file="/skins/default/icons.png" resource="ChatButton">
    <texturerect x="64" y="320" width="64" height="64" /> 
</image>
<image file="/skins/default/icons.png" resource="BuddyButton">
    <texturerect x="128" y="320" width="64" height="64" /> 
</image>
<image file="/skins/default/icons.png" resource="GroupButton">
    <texturerect x="192" y="320" width="64" height="64" /> 
</image>
<image file="/skins/default/icons.png" resource="GuildButton">
    <texturerect x="256" y="320" width="64" height="64" /> 
</image>
<image file="/skins/default/icons.png" resource="HelpButton">
    <texturerect x="320" y="320" width="64" height="64" /> 
</image>
<image file="/skins/default/icons.png" resource="InfoButton">
    <texturerect x="384" y="320" width="64" height="64" /> 
</image>
<image file="/skins/default/icons.png" resource="SkillsButton">
    <texturerect x="448" y="320" width="64" height="64" /> 
</image>
<image file="/skins/default/icons.png" resource="InventoryButton">
    <texturerect x="512" y="320" width="64" height="64" /> 
</image>
<image file="/skins/default/icons.png" resource="MagicButton">
    <texturerect x="576" y="320" width="64" height="64" /> 
</image>
<image file="/skins/default/icons.png" resource="QuestButton">
    <texturerect x="640" y="320" width="64" height="64" /> 
</image>
<image file="/skins/default/icons.png" resource="ShortcutButton">
    <texturerect x="704" y="320" width="64" height="64" /> 
</image>
<image file="/skins/default/icons.png" resource="PetitionButton">
    <texturerect x="768" y="320" width="64" height="64" /> 
</image>
<image file="/skins/default/icons.png" resource="OptionsButton">
    <texturerect x="832" y="320" width="64" height="64" /> 
</image>
<image file="/skins/default/icons.png" resource="HotBarButton">
    <texturerect x="896" y="320" width="64" height="64" /> 
</image>



<image file="/skins/default/icons.png" resource="QuitButton_over">
    <texturerect x="0" y="256" width="64" height="64" /> 
</image>
<image file="/skins/default/icons.png" resource="ChatButton_over">
    <texturerect x="64" y="256" width="64" height="64" /> 
</image>
<image file="/skins/default/icons.png" resource="BuddyButton_over">
    <texturerect x="128" y="256" width="64" height="64" /> 
</image>
<image file="/skins/default/icons.png" resource="GroupButton_over">
    <texturerect x="192" y="256" width="64" height="64" /> 
</image>
<image file="/skins/default/icons.png" resource="GuildButton_over">
    <texturerect x="256" y="256" width="64" height="64" /> 
</image>
<image file="/skins/default/icons.png" resource="HelpButton_over">
    <texturerect x="320" y="256" width="64" height="64" /> 
</image>
<image file="/skins/default/icons.png" resource="InfoButton_over">
    <texturerect x="384" y="256" width="64" height="64" /> 
</image>
<image file="/skins/default/icons.png" resource="SkillsButton_over">
    <texturerect x="448" y="256" width="64" height="64" /> 
</image>
<image file="/skins/default/icons.png" resource="InventoryButton_over">
    <texturerect x="512" y="256" width="64" height="64" /> 
</image>
<image file="/skins/default/icons.png" resource="MagicButton_over">
    <texturerect x="576" y="256" width="64" height="64" /> 
</image>
<image file="/skins/default/icons.png" resource="QuestButton_over">
    <texturerect x="640" y="256" width="64" height="64" /> 
</image>
<image file="/skins/default/icons.png" resource="ShortcutButton_over">
    <texturerect x="704" y="256" width="64" height="64" /> 
</image>
<image file="/skins/default/icons.png" resource="PetitionButton_over">
    <texturerect x="768" y="256" width="64" height="64" /> 
</image>
<image file="/skins/default/icons.png" resource="OptionsButton_over">
    <texturerect x="832" y="256" width="64" height="64" /> 
</image>
<image file="/skins/default/icons.png" resource="HotBarButton_over">
    <texturerect x="896" y="256" width="64" height="64" /> 
</image>



<image file="/skins/default/icons.png" resource="QuitButton_active">
    <texturerect x="0" y="384" width="64" height="64" /> 
</image>
<image file="/skins/default/icons.png" resource="ChatButton_active">
    <texturerect x="64" y="384" width="64" height="64" /> 
</image>
<image file="/skins/default/icons.png" resource="BuddyButton_active">
    <texturerect x="128" y="384" width="64" height="64" /> 
</image>
<image file="/skins/default/icons.png" resource="GroupButton_active">
    <texturerect x="192" y="384" width="64" height="64" /> 
</image>
<image file="/skins/default/icons.png" resource="GuildButton_active">
    <texturerect x="256" y="384" width="64" height="64" /> 
</image>
<image file="/skins/default/icons.png" resource="HelpButton_active">
    <texturerect x="320" y="384" width="64" height="64" /> 
</image>
<image file="/skins/default/icons.png" resource="InfoButton_active">
    <texturerect x="384" y="384" width="64" height="64" /> 
</image>
<image file="/skins/default/icons.png" resource="SkillsButton_active">
    <texturerect x="448" y="384" width="64" height="64" /> 
</image>
<image file="/skins/default/icons.png" resource="InventoryButton_active">
    <texturerect x="512" y="384" width="64" height="64" /> 
</image>
<image file="/skins/default/icons.png" resource="MagicButton_active">
    <texturerect x="576" y="384" width="64" height="64" /> 
</image>
<image file="/skins/default/icons.png" resource="QuestButton_active">
    <texturerect x="640" y="384" width="64" height="64" /> 
</image>
<image file="/skins/default/icons.png" resource="ShortcutButton_active">
    <texturerect x="704" y="384" width="64" height="64" /> 
</image>
<image file="/skins/default/icons.png" resource="PetitionButton_active">
    <texturerect x="768" y="384" width="64" height="64" /> 
</image>
<image file="/skins/default/icons.png" resource="OptionsButton_active">
    <texturerect x="832" y="256" width="64" height="64" /> 
</image>
<image file="/skins/default/icons.png" resource="HotBarButton_active">
    <texturerect x="896" y="256" width="64" height="64" /> 
</image>
<image file="/skins/default/gui/bulk.png"
       resource="ExchangeAccept">
</image>
<image file="/skins/default/gui/scribe.png"
       resource="Scribe">
</image>
<!-- ******************************************* -->
<image file="/skins/default/gui/bulk.png"
       resource="BuySkill">
</image>
<image file="/skins/default/gui/view.png"
       resource="FilterSkill">
</image>
<image file="/skins/default/gui/scribe.png"
       resource="Scribe">
</image>



</image_list>

